"X","X20.Minute.Pesto.Chicken.Pizza","X30.Minute.Sheet.Pan.Chicken.Caprese","X4.Ingredient.BBQ.Baked.Salmon","X5.Ingredient.Cheesecake","X5.Ingredient.Honey.BBQ.Baked.Chicken.Wings","X5.Ingredient.Pound.Cake","Amazing.Rosemary.Sweet.Potato.Fries","Apple.Cinnamon.Muffins","Apple.Pie.Baked.Oatmeal","Asian.Sesame.Roasted.Broccoli","Awesome.Bacon.And.Potato.Egg.Casserole","Bacon.Cheeseburger.Mac.And.Cheese","Bacon.and.Cheese.Quiche","Baked.Ziti.Alfredo","Bakery.Style.Frosted.Sugar.Cookies","Banana.Chocolate.Chip.Bread","Barbecue.Baked.Chicken.Legs","Basic.Roasted.Chicken","Best.Ever.Chocolate.Chip.Blondies","Best.Ever.Chocolate.Chip.Muffins","Best.Ever.Broccoli.Cheese.Soup","Blueberry.Coffee.Cake","Brown.Sugar.Glazed.Pork.Chops","Cheesy.Egg.And.Hashbrown.Casserole","Cheesy.Gluten.Free.Cauliflower.Crust.Pizzas","Cheesy.Parmesan.Roasted.Asparagus","Chewy.Crispy.Peanut.Butter.Cookies","Chicken..Bacon..and.Pesto.Potato.Skins","Cinnamon.Roll.Cookies","Classic.Apple.Pie","Classic.Creamy.Chicken.Pot.Pie","Coffee.Cake.Muffins","Creamy.Spinach.Stuffed.Mushrooms","Crispy.Herb.Roasted.Potatoes","Crispy.Oven.Fried.Chicken","Crispy.Panko.Parmesan.Chicken.Breasts","Crispy.Sesame.Tofu.and.Broccoli","Curry.Coconut.Oil.Roasted.Cauliflower","Dairy.Free.Herb.Stuffed.Mushrooms","Double.Chocolate.Chip.Cookies","Easy.5.Ingredient.Chicken.Enchiladas","Easy.And.Delicious.Double.Chocolate.Muffins","Easy.Baked.Salmon.with.Herb.Butter","Easy.Baked.Sweet.Potato.Fries","Easy.Balsamic.Roasted.Vegetables","Easy.Beef.Lasagna","Easy.Chicken.Enchiladas.Verdes","Easy.Egg.And.Cheese.Casserole","Easy.Garlic.Herb.Baked.Salmon","Easy.Gluten.Free.Mac.And.Cheese","Easy.Honey.Balsamic.Asparagus","Easy.Honey.Mustard.Chicken.Thighs","Easy.Korean.Sticky.Chicken","Easy.Pork.Chops.with.Roasted.Vegetables","Easy.Sesame.Glazed.Roast.Vegetables","Easy.Sheet.Pan.Chicken.and.Veggies","Easy.Sheet.Pan.Greek.Chicken.with.Grape.Tomatoes..Artichoke.Hearts..and.Red.Onion","Easy.Sweet.Potatoes.Au.Gratin","Easy.White.Cheese...Garlic.Pizzas","Eggs.Baked.in.Avocado","Extra.Creamy.Scalloped.Potatoes","Farmers..Market.Vegetable.Bake.with.Sharp.Cheddar.and.Parmesan","Fat.Free.Seasoned.Sweet.Potato.Fries","Four.Cheese.Baked.Spaghetti","Frozen.Gingersnap.Pumpkin.Pie","Garlic.Roasted.Broccoli","Garlic.Butter.Baked.Chicken.Breasts.with.Cheese","Garlicky.Lemon.Asparagus","Gluten.Free.Baked.Chicken.Tenders","Golden.Parmesan.Herb.Crusted.Salmon","Ground.Beef.and.Potato.Gratin","Hamburger.and.Shells.Casserole","Healthy.Garlicky.Sweet.Potato.Fries","Healthy.Salmon...Veggie.Sheet.Pan.Dinner","Hearty.Italian.Beef.and.Vegetable.Soup","Herb...Garlic.Roasted.Chicken","Honey.Balsamic.Glazed.Brussels.Sprouts","Honey.Garlic.Baked.Chicken.Wings","Irish.Soda.Bread","Italian.Sausage.Stuffed.Mushrooms","Juicy.Herbed.Weeknight.Chicken.Thighs","Juicy.Oven.Baked.Cajun.Chicken.Breasts","Keto.Garlic.Rolls","Lemon.Blueberry.Bread","Lemon.Sugar.Cookies","Lighter.Lemon.Garlic.Herb.Baked.Chicken.Legs","Loaded.Baked.Potatoes","Melt.In.Your.Mouth.Baked.Chicken.Breasts","Melt.In.Your.Mouth.Fudgy.Brownies","Mexican.Wedding.Cookies","Moist.And.Delicious.Blueberry.Muffins","One.Pan.Garlic.Parmesan.Asparagus","Oven.Baked.BBQ.Baby.Back.Ribs","Parmesan.Crusted.Baked.Pork.Chops","Perfect.Soft.and.Chewy.Vegan.Sugar.Cookies","Quick.Margherita.Naan.Pizza","Quick.and.Easy.Italian.Meatballs","Restaurant.Style.Loaded.Chicken.Nachos","Roasted.Chickpeas","Sausage.and.Cheese.Egg.Casserole","Savory.Keto.Breakfast.Cookies","Sesame.Fried.Egg.and.Mushroom.Quinoa.Bowls","Sheet.Pan.French.Toast.for.a.Crowd","Sheet.Pan.Honey.Mustard.Pork.Chops.with.Roasted.Veggies","Sheet.Pan.Italian.Chicken.Dinner","Sheet.Pan.Pizza.Chicken","Sheet.Pan.Yellow.Squash.and.Chicken.Sausage","Sheet.Pan.Fish.Tacos","Skillet.Chicken.Tacos","Slow.Roasted.Beef.Tenderloin.with.Red.Wine.Mushroom.Sauce","Smoked.Sausage.Alfredo.with.Hillshire.Farm..Smoked.Sausage","Soft.and.Chewy.Keto..Sugar..Cookies","Sopapilla.Cheesecake.Bars","Super.Cheesy.Cauliflower..Mac..And.Cheese","Super.Easy.Banana.Muffins","Sweet.and.Salty.Candied.Bacon","Sweet.and.Spicy.Pecans","Twice.Baked.Potatoes","Vegan.Baked.Ziti","Vegan.Banana.Bread","Vegan.Black.Bean.Enchiladas","Vegan.Chickpea..Meatloaf.","Vegan.Spinach.Lasagna","Vegetarian.Bean.and.Cheese.Taco.Casserole","Za.atar.Roasted.Cauliflower.Steaks.with.Bean.Salad"
0,5,4.68265490843224,4.76698678904844,5,5,3.59432684261968,4.46622276429188,4.55636023505547,4.8207590596052,2,4.70173174340707,5,3.31233619959853,5,5.13791626772071,4.65076411416862,5.34435214822208,4.77247591389397,4.99247092964196,3.3339508901019,5,2.62628750181461,4.3621481494292,5.31134290898131,4.33218203801126,5.49927193195302,5,3.99750573065729,5.1889153762015,5,5,3.14716749438628,3.68767103302021,5,4.46155696194154,5,4.71945317063046,3.76754077149866,4.52258629889309,5.6630451341289,4.78516810787759,5.08336089827529,4.8646258167113,5,5.01383223359324,5.01305912293257,5,4.82827957304494,5,5,4.8259939471495,5,5,5.03585590214663,6.55324345920822,4.5,4.83799921572524,5,4.72164165443213,3,5,4.54940362887004,4.61982674847447,5,4.48597115926458,5,4.95902502173644,4.75929997656913,4.88856401322306,4,3.5500440426163,4.61716999530922,4.50298109463994,4.75,4.27611054754644,4.95970820145842,4.85489451153737,4.96925228896913,4.13916317605618,5,4.96926829532379,4.26142675148064,4.47758186675445,5.29480857398468,4.84544714536197,2.7992457261871,4.3079124376279,5,5,4.2996316953081,4,4.53441181434069,4.9035122400043,5,5,5.25026021178594,5,4.58183070293813,3,5.06732735768386,4.98760482049041,5,5.0196194607324,4,4.52831254033418,4.12608849794577,5.91346196405693,3.51406048697829,4.52957121500904,-0.654002952401017,4.84997845762626,3,3.87014828386317,3.87646246761161,5.07067373223461,4.21113773842118,4.67925206145145,5,5.67979993557348,5.12475140152198,5.05799938479957,5,5,5.87363683113523,2.97879097966436
1,4,4,5,5,5,3,4,5,4,3.14305942893649,5,4.59061899050681,3.09225536766305,4.45319707445254,5,4,5,4.35940191167531,4.58271059710443,3.12054213489454,4.65389572522128,2.48559948083038,4.00602241165289,5,3.99031785610729,5.01418015948841,4.33165101447512,3.66261992429822,4.73005198508283,3.13568534645081,4.60740272654821,2.93549936484246,3.42382576564812,4,4.09927698511645,4,4.31797687961883,3.49114604886652,4.17100402352584,5.12703224152856,4.38820983196636,5,4.4560744850207,4.5089801238071,4.59997259175455,4.53124799102482,5,4.41172634895788,4.30850669699878,4.20710280130437,4.42244628209881,5,4.46759120594403,4.60647260577449,5.8455164603199,4.16966357494716,4.43631249898644,4.6777705584507,4.33042693170985,1,4.41734265253855,4.10111488095225,5,4.58817166534431,4.09505035954654,5,5,4.35335165713485,4.48500267596892,3.7644573335507,3.28529449762065,4.2264568546954,4.15202835611765,4.45119967689904,3.95058241219922,4.50636688435798,4.45277675788969,4.54187372114124,1,3.9194988464896,4.5640709554343,2,4.10272404225189,5,5,2.62311827351308,3.96966971217121,4.5,4.74253712809276,3.96018918175406,4.5,4,5,4.5359841935549,4.33429121704699,5,4.61633095765665,5,5,4.65361471645793,4.56040597339491,4.56586002263238,4.60500958384034,5,5,2,5,3.26567166655827,4.16134800887512,-0.430326781043152,4,5,3.59042661306551,3.56459638511542,4.6488169605029,1,4.31226629527702,5,5,4.70190429067094,5,4.12522356783208,4.28143187192419,5.3241609582642,2.7890978490342
2,4.70711377102437,4.4074707977954,5,4.5869972253594,4,1,4.21187330729301,4.28954364969418,4.45870508408736,4,4.39545890120862,5,3.2285525719296,4.57111834724106,5,4.39020433058871,4.99506362007398,4.4454477195696,5,3.2670497941544,5,2.63253401478895,4.10930913233717,4.91691073011824,4.10647747241651,5,4.44298221050218,5,5,3.27032965023892,4.71100820856108,3.06205542215926,1,4,4.20717239910887,4.19724381324259,4.41112344162626,3.61620596022126,4.29837006152839,5.17641823680388,5,5,4.55814981322324,5,4.71348177240743,4.56655061806869,5,4.50033109777597,5,4.30346175367568,4.52573333572075,4,4.57331427891962,5,5,4.28007837051695,4.54314983726351,4.78963819773342,4.4356272016184,5,5,4.12046090109885,4.35175212220531,5,4.17289024207131,5,4.6480409402917,4.5,4.59562785149631,2,3.39817915634957,4.31995521389149,4.27781390405586,4.56517694114761,4.07893156105195,4.5681275317212,4.5611042831909,5,3.89047274947977,4.00550930636691,5,4.02048257741452,4.19804361287993,5,4,2.74964006011987,4.08714008512984,5,5,4.0753070691155,4.33333333333333,4,4.61760738654127,4.64306225473707,3,4.92294595132515,4.73098250714427,4.33160216722798,5,4.77358015037663,4.6554981680859,4.67985383138295,4.71833647999586,3,4.271795354909,3.91226362811041,5.31348085665372,3.39313515553921,4.27040489660018,-0.250057825594548,4.55567747222204,4.30585527973303,3.72372135759382,3.66168065310346,5,4,4.44033765997264,5,5,5,5,4.16948884935507,4.39466376258339,5.3828209500635,2.92112669468108
3,5,5,5,4.87066798080905,5,5,4.49771501306035,4.57721295284581,4.72020667138258,3,5,5,3.49689331177957,5,5.09022836500621,4.69016726647006,5.31296051009556,4.72120460079415,5.01271457860444,3.54650823658875,5.08312372590152,2.88435344868816,5,5.20742414687749,4.39503214492164,5.4100823208592,4.74195039642633,3.99128242857353,5.10096462343404,3.53899164971179,5,3.31405629685371,5,4.87758366698378,4.49255382588483,5,4.6919127768609,3,4.60573795657099,5.45065852044138,4.79064991228741,5,4.85366955753745,4,5.02640925720525,4.80085832145734,5.26339454832307,5,5,4.58245735573318,4,4.65899304884454,4.5,5,6.01844789061934,4,5,5.10441628714528,4.72861600961239,1,4,5,4.5,4.99948056051016,4.42903745184459,4.89836804437656,4.95006873244187,4.72795020723082,4.90068872446155,5,5,5,4.58281597877462,4.87198406985057,4.3775114367315,4.82690662901893,4.5,4.92487945220882,4.14841387608753,4.26179724651937,4.99820402989922,4,4.47142327282931,5.25337585227246,5,2.98780691548205,4.37604932376754,4.71226804674203,5.13710745897504,4.36152387634412,4,5,4.92786113912325,4.94694732891651,4.71317605649823,5.2437503496081,5.04573675381879,5,4.24246233660688,5.09511724151645,4.94887832145331,4.9917426075879,5.0313103267357,4.0761746962708,4.56234616811112,4.18770487416214,5.55049450299822,3.66059993525855,5,-0.0948466898852285,4.85635445244307,4,4,3.91299151338111,5,5,4.75462814804209,4.50673440658658,5.37602247112284,5.13816251261525,5,4.39452057398911,4.6932502290505,5.67473327015169,3.17194883072337
4,4.5,4.5,4.7382220006637,5,5,3.7404812308018,4.51584102623356,4.59170774155879,4.69207529868536,5,4.67376972178306,5,4,4.90205598095012,5,4.71138537132336,5.31016291378263,4.71046818526584,5.0276732619388,3.62705713218558,5.09437526277767,2.97993210936799,4.40141302171445,5.17886411258624,4,5.38703673875163,4.75812542209897,3.99530758043855,5.07787443398937,2,5.01650499259148,3.37812446106831,3.88745677930091,4.89657395098263,4.5104969512689,4,4.68950635873359,3.94105811245738,4.64226517362126,5.38419469119193,4.66666666666667,5.08090643774956,4.85736853752989,4.91730710720735,5.03868340747496,5,5.24944649865233,4.77159331865113,4,4.58593596967735,5,4.66751579975291,4,4.99946474146673,5.83907720742481,4.58994838729716,5,5.11319750756063,5,5,5,4.24623365047766,4.660786263439,5,5,4.89329104095804,4.95462385473192,5,5,4.23643904658246,3.694247618216,4.59710279527005,3,5,4.42012382889552,4,4.87279220409603,4.91689529326814,5,4.26112976127337,5.01620790335389,4.31239787458593,4.47621970779726,5.24694144688673,4.74182469479266,3.05901563460336,4.40691914576865,4.71046768751563,5.12593992879309,4.390167032214,5,4.62289616256044,4.94413647125515,4.95400890310038,4.71262906627067,5.24962671246671,5.05882214239161,3.5,5,5.11286776375101,4.94292440636871,5.00530398275459,5.04327935384081,4.07303330089006,4.5814698899727,5,5.43103986953384,3.71802613417836,5,0.102355650586088,5,5,4.06719439411359,4,5.08101132808247,5,4.78864312353668,5,5,5.15090524934346,5.06017002309025,4.34574985416219,4,5.61337747585174,4
5,5,4,4,5,5,3.62014443411342,4.31559533697683,4.3815522325888,4.40590619920722,3.43333422772162,4.43214858672624,4.65661763234077,3.50287363686854,4.68560625942878,5,4.50630585329394,5.03459332413819,4.45229083774976,4.79604694261739,3.57597347558686,4.8531804257975,5,4.20229949364019,5,5,5.07387006105646,5,3.79816714277533,4.78040658098811,4,4.76358472900521,3.31233133736752,3.78314465950712,5,4.31021974222054,4,4.44625234826032,3.82273016707978,4.4661731602834,4.99896268335095,3.66666666666667,4.83034706506061,5,5,4.66666666666667,4.37983981615546,4.95842988358128,4.51272057819188,4.53820044190151,4.35775356240466,4.5899501761799,4.44356037933814,4.64313347808582,4.73819761700657,5.24285861832585,4.38728235163266,5,5,4.51305256487486,4,4.61339325962125,1,4.5,4.75702321649946,4.1686196806572,4.63519869239929,5,4.47708597077003,4.68179527279925,4.5,3.57533569293009,4,4.4412694721017,5,4.26548560157311,5,4.5,4.65276370317405,3.96218767682019,4.04262298080693,4.79023108672585,4.12272845278472,4.25582657702963,4.96854882701329,4.46407331797759,3.02137867442268,4.23342514422144,4.5,4,4.21382445690086,5,5,5,4.71300688835757,4.47128784500649,4.99157154133275,4.8224911136745,4.45816190951238,4.0866436396587,4.88153814434137,4.68084141456896,4.77249500205967,5,3.86000848715209,4.37953523364195,5,4,3.62384524698742,4.37332166551732,0.425107368610921,4.33333333333333,4.34707989815977,3.95286907999483,3.76296628199331,4.83599040897002,3.97672949907086,4,4,4.84357485409513,4.90930639833989,4.81263324980889,4.04292379388492,4.5042308482021,5,3.20111350687787
6,5,4.52435247546192,4,4.60439305154458,4.6749448201831,3.65211446288688,4.34052569994483,4,4.41238806867333,1,4.44940424678437,4.6680275062775,3.5458377321815,4.71289799970126,4.82323272672002,4.53326984847703,5.05393781550331,4.46603708449882,4.82164358740927,4,5,3.03789001199871,4,4.87533082237057,4.27572938017852,5.08513816142969,4.56733295736096,3.81525668586481,4.79046262627515,3.57772504192021,4.78370192184644,3.35186775985103,3.82153107187511,5,5,4.28166543571009,4.4633623839973,4.5,4.49920110069762,4.99226498931558,5,4,4,5,4.82655964351592,4.37023797653717,4.97292889603228,4.52730531602223,5,3,4.5,4.46510507223475,5,4.75595744082778,5.19122656282069,4.41283711108494,5,4.89030618022025,4.53541274793473,5,5,3.89208833244295,4.47429665075499,4.77833991579837,4.18021368054308,4.5,5,4.49379740556473,4.70569047557484,4.13861493238826,3.60689501297494,4.38044155858275,5,4.69124419596273,4.30017231533903,4,4.6643323896178,5,5,4.0587982513877,5,4.5,4.27509176745283,4.98614529815449,4.47347139295276,3.06263593287096,4.26320495248195,4.4845938045467,4.86102082746556,4.24261879184049,4.55362427949123,4,4,5,4.48925608489168,5,4.84743335074971,4.48623629844147,4.11271028991521,4.90861822051621,4.69746283989513,4.79742745268854,4.83030521675019,3.87443451785369,5,4.07588095993786,5,3.66194729278642,4.39832338763349,0.507051962146519,4,4.364630654755,3.9917397514311,3.78600071353717,5,3.99275517768136,4.63345910945954,4.35263709004725,4.82307714029517,4.93446245089691,5,4.03953355153728,4.53040768231651,5.22124770230042,3.24387866636583
7,4.92874882332004,5,4.64324168869396,4.7334734741401,5,4,4.48106988959059,4.54542091299965,4.5255025026326,4,4,4.79487766556878,3.69630244799391,4.86585063209992,5,4.68151683390307,5,4.59186322400568,4.97445767007912,3.78241772249627,5,3.18923512617691,4.36093980138423,5.00192554221627,4,5,4.66666666666667,3.93118248484993,5,3.72740174999023,4.5,3.49240177432362,3.97120239043939,5,4.47531857061421,4.41316514013133,4.59443306917587,4,4.65622051187664,5.09810815087015,4,4.99960413934628,5,4.83719819471221,5,4.45699493264229,5.11176236813467,4.65588296433234,4,4.50916049341787,5,4.66666666666667,4.80817809267383,4.89487601427397,5.23081798576908,4.5560525464324,4.78533561009036,5.04121201548254,4.67644645255664,3.57548555588565,4.78273987277916,5,4.61747982558062,4.92339194396232,5,5,4.87388922285546,4.62494891919104,4.85311646217067,4.29295462131556,3.74079061026445,4,5,5,4,4.58803506923917,4.80947683957555,4.80204391679951,4.10680054448671,4.1789605518554,4.97166643310095,5,5,5,4.59261095043799,3.19914052112377,4.40959694828987,4.6166826406638,4.99830658899998,4.3869760171136,4.69266488127222,4.61457812015678,4.89615240343948,4.88024753460877,4.62228451460113,5.16700151020152,4.99981636749335,4.63513837708638,4,5.06580073128299,4,4.94862899012791,5,3,4.54823289433155,5,4.99688836486821,3.80744879643071,5,0.648156106883301,4.80173187710134,4.49409441689608,4,3.91062333169141,4.5,4.11114147776642,4.792861725492,4.4942831690254,4.90320343696026,5.08921214391355,4.98253963107403,5,5,5.33715879002532,3.38698843501426
8,5,5,4,5,4.69328252998062,5,5,4.41843610110184,4.34595961382119,3.53394346167346,3,4.61872672773975,3.66641922942854,4.73579660195472,4,4.55857846506735,5.03277523689545,4.43190976268701,4.8343584884255,3.76221502638597,4.88312033605975,3.20672048994754,4.24084346367099,4.80664205460372,5,5.02608121570273,4,3.81073668737342,4.7322518393031,3.69313760006114,4.77199726861732,3.46088877595944,3.91500338910742,5,4.35487439573183,4.28068802803756,4.44479271128571,3.93921250812035,5,5,5,5,4.62826993859067,4.68846219280823,5,4.23062074390388,4.93120779972963,4,4,5,5,4.46693086689681,4.66373467749156,4,4.8400303208126,4.43428070874196,4.64396280087296,4.89127333668101,4,3.50707205673261,4,4,4.49011921851824,4.77227922851429,4.1424072240524,4.62784144973904,4.72401706176764,4.47272689926609,4.71309620116044,4.21720752414401,3.67359440939558,4.36674030749843,5,4.5,4.36615184239938,4.39250002138224,5,5,3.98787073356346,4.04475058330933,4.83545647392565,3,4.27056113796176,4.95840788159,4.41914682460804,3.18589814111771,4.30738177551994,4.4670884681408,5,4.28270413236723,4.55021450819128,4.50270932858757,5,4.73330027698649,5,5,5,4.51768770718158,4,4.92627019195601,4.67153285451798,5,5,3.85635041331629,2,4,4.68833696948744,3.75759205547351,4.4175355078371,0.873560988298183,4.66073340260427,5,4.08372878951287,3.80951135824574,4.85975624386415,5,4.6823390371647,4.37491080118388,4.6233725117341,5,5,3.93575460827902,4.55215177255505,5.09024959387734,3.37013340986358
9,4.84467635991674,4.61226378306577,4.5,4.62132332452532,3,3.8067363092514,4.43666456777513,4.49224622897929,4.38362257223221,5,5,4.66812729645368,3.77593300892807,4.81877755746334,4.8511666377264,5,5.1009345152025,4.48511302301558,4.91437438318929,3.88127893290647,4.5,3.33039429542151,4.31282787839688,4.85040183247535,4,5,4.66062121908465,3.8674092181347,5,3.80078759371868,5,3.56215035318303,5,5,4,5,4,4.03536933361254,4.64704996311873,4.86561514008188,5,4.91868361843327,4.69612011156065,5,5,4.23429448380191,4.9887548242136,4.55100168335906,4.67054869384061,4.43363238782092,4.67633683057848,5,4.66666666666667,4.79720467877311,5,4.51197975396412,4,4.96699465504638,4.61112369405713,3.58636029103169,4.5,3.73277769713491,4,5,3,4.68845247281105,4.79391344341627,4.53230539113599,4.78890859060302,4.31671884206049,3.75950268165648,5,4.61800115127429,5,4.46240440695622,5,5,4.69718546317118,4.05172654355293,4.10083193337323,4.9179975823308,4.24129134645141,5,5,4.46326388793687,3.28919474388404,5,4.52814935600623,5,4.36627490552185,5,4.58914071858973,4.84025820325755,4.80539244844926,4.53626738968242,5.08440446299946,4.93535303693042,4.60107560136829,3,5,4.73203286197726,4.88610017390816,5,3.90775493643524,4.50467912609828,4.19673515675212,4.65552515717642,3.85753354763007,5,1.04832575006992,4.73408341725309,4.41088233881665,4.18708173783548,3.87850258626194,4.93483834098929,4.03486681778719,4.77593263578676,3,4.60664502814797,5.02239133270776,5,3.95066327672017,4.63179757012191,5,3.47758325726639
10,5,4.33333333333333,4.47183574658843,4.52978637255065,5,5,4.373865639798,4,4.28272082766926,3.59131437057204,4.41160480655955,4.57032541245535,3.76903789220149,4,5,4.57612531542433,5.00878554585739,4.39710436997279,4.84049377185196,3.88093455268609,5,1,4.24982097480557,4.74092196162596,4,4.96863546000306,4.59223371024753,3.80273080626221,4.67586283100799,3.79116361696645,5,3.55351532162287,3.99342106382897,5,4.36778953248921,4,5,3,4,4.72388057525609,4.59414566392885,5,4.61657924166026,4.67790938942492,5,4.10287315453088,4.8891706374183,4.46306276612753,4.60577996032072,4.35852593446687,5,4.46383745078195,4.65773772924025,5,4.52480313475466,4.44854544559718,4.64114467938601,5,5,3.55413851175808,4.6477450813638,4,4.49936140808417,4.76189988079431,4.10465790106312,5,5,4.44940849926973,4.71467089207373,5,2,4.35004107674339,5,4.66666666666667,4.41981638485676,4.31053587232309,4.66781527384151,3,3.98861931976535,3,4.8466230217268,4,4.26206146491708,4.92869053651913,4.36651943435495,3.29139024785437,4.34185506661671,4.44692427787741,5,5,4.54241002155906,4.53230827085444,4.76879332197596,4.72676581980426,4.45595713018177,4.99986638982942,4.85952228528667,5,4.16550072295249,4.9366683952039,5,4.81153806876531,4.83859202402809,4,4.44152495024489,4,4.47276986602111,3.83809396222932,4.429847349647,1.19629132077354,4.65904020600394,5,4.16065889066537,3.82625959405541,4.85518169978049,3.9635264829444,4.72057046597342,4.38997112409465,4.44215021542226,4.94473934555215,5,3.83996511709784,4.56655769152388,4.96920765507499,3.47807403053894
11,4.97786688128859,4,4.67105966522759,5,5,4,4,4.63426147578616,4.45497424995855,4,5,5,3.98818357451942,4.97856144202544,5,4.79650920912476,5.2315696732505,4.58681501791939,5.06830623796169,4,5,3.57058611788097,3,4.93343317609371,4.56351774532718,5.17527217146038,4.80976743505268,3.97622787533492,4.86932994330033,4.00937844670339,5,3.75836949184648,5,5,4.57650415968311,4,4.62051859380663,5,4.82820219819831,4.88877221568623,4.80696680808506,5,4.82636617470717,4.89103524813893,5.06165087546663,4.23922627906508,5.09868701791564,4.65676551573622,4.82710644508177,4.55657675183041,5,4.5,5,4.9183153521743,4.60076674940165,4.66159310085355,4.85586140753929,5.11249619680868,4.74887284112915,3.73957598946476,5,3.71377466687582,4.71262947606733,4.97900725462779,4.27950657846349,4.80453932397705,4,5,4.93468318726606,4.5,3.92557815120617,5,4.79646567131622,5,5,4.47609108405184,5,4.80888043015367,5,4.20836959742253,5.07686805249788,4.38262363262498,4.45671717414843,5.14530376824368,4.54720050389342,3.48954079942674,4.55856446944287,5,5,4.52745383157946,4.75040507589736,4.75579766998636,4.99432111985276,4.94387970815007,5,5,5.08686141444052,4,4.36886891091336,5.17077465828091,4.84787929511626,5.03706117186181,5.06420097785846,4.00624531510844,5,4.35283860952803,5,4.05101259226716,4,1.38969209896457,4.87506961978181,5,4.38705968215824,3,5,4.14112080252906,4.95650283591043,5,5,5,5,3.97772715962764,4.78515587801678,5.14872724456685,3.68595471441648
12,4.49991316057837,4.32191867728761,4.21331681703814,4.24274224749991,5,3.66820770202524,4.17163408310605,4.2111178932357,4,3.49578956541307,4.15683827427239,4.26476458717141,3.73305467908955,4.53272057561659,4,4.37021198503587,5,4.1209487582455,4.60385450199964,3.86366636977787,5,3.40291739133445,4.0475000621991,4.40044740977557,4.1745230373852,5,4.5,3.59738802145632,4.35283475863787,1,3.5,3.51333972600059,4,5,3,4,4,3.90446647126375,4.42754482707938,4.28901953175171,5,4,4.36430201974724,5,4.59280973888371,3,4.57705449511105,4.18683503473367,4.39680819271192,4.1203160507075,4.35269634035081,4.23234965748457,5,4.4333814128522,3.81718978300161,5,4.5,4.63216147756218,4,3.44488650181118,5,3.21385788134736,3,5,3.83889956133664,4,5,4,4.47751304302634,4.16304164234512,3.62257508487246,4.10371593520279,4.39662919085396,4.48881294551047,4.27657996047283,5,4.42916866126577,4.32659809214902,3.78709895671856,3.79816800653438,4.61729704353157,5,4.03263256246845,4.63323671628414,4.06490916548959,3.28403008745811,4.17349603971125,4,4.48843458535613,4.14123139929124,4.29979062700135,4.34688573936134,4.53952891698028,4.476704313321,4.20209969702307,4.73134902555363,4.61709230613677,3,3,5,5,4.57302435750976,4.59453962868574,3.61104419120055,4.23796958273324,4,3.91883166336987,3.76508494672105,4.22343267313951,1.62459656081381,5,4.08661629900434,4.06584796281284,5,4.60156578640833,3.73800057934282,5,3.5,3.94181611858522,4.69661884959221,4.56623138410651,3.49969747835844,4.35637050194643,4.53329594813964,3.4649394301005
13,5,5,4.50591408203995,4.53488726914392,4.79880054694717,3.93395046044203,4,4.50768130034596,4,3.74966962667557,4.44554014803637,4,4.01033297760488,4.85308545025363,4.77476395371448,4.67951768236829,5.04545650921353,4.40495475581331,4.92785479413575,4.15251169268529,5,3.66345364241417,4.33288084116269,4.69945761627269,4.4721620006869,4.94542312268384,4.66666666666667,4,5,5,4.80459771103541,3.77370896505216,4.19540356418957,4.33333333333333,5,4.66666666666667,4.45628887739275,4.18847838793812,5,5,4.66296480060512,5,4.66883287292024,4.5,4.66666666666667,3.94147834639012,4.89199024024674,4.47578741820052,4.70782764005384,4.40781874867583,5,4.66666666666667,4.5,5,5,4.54410919215921,4.70949935455097,4.9565922905911,4.60783754642995,3,4.5,3.41897533448512,4.58683356767168,4.8187723831565,4.10267313329649,5,5,3,4.79196694625716,4.46487922197695,3.88500347132615,4.38921269511521,5,4,5,4.23350270198884,4.73984913081088,4.62559594662086,4.05297837734424,4.06222725059301,4,5,4.31436366753067,5,4.34232472839412,5,4.47152095862257,4,4.79789792661051,4.43645715432252,5,5,4.85938225333084,4.78989217151219,4.494289094646,5,4.94154690181684,4.65321739101385,4.27106636558769,5.03309868376445,4.66783382445534,4.89453185731144,5,3.86146966629642,4.53755395609708,4.26701254452947,4.5,4.04131283852436,4.5216571379775,1.78673382415503,5,3,4.36264989224237,3.91638730574114,5,3.99794673657023,5,3,4.19141642587989,5.02652048516482,5,3.73101147690295,4.66423644672392,4.83337911986263,3.72419581250294
14,5,4.60105457123882,5,4.48249089728265,4.77575553148873,3.5,4.44663894208207,4.48374720489682,5,3.76254120821456,4.40472520389647,4.49739890417451,4.05032415820609,5,4.72365230856137,4.66122604795708,4.99846143098725,5,5,4.20184206163167,5,3.73301646877787,4.31132359514524,4,4.46398144257384,4.87779259709137,5,3.81934344434534,4.584795833626,4.06165686954509,5,3.80883798365547,4,4.81519514687333,4.43983464514706,4.30268357027976,5,5,4.74205424154095,4.46035406635803,4.63226649454543,4.85797829007376,4.63202490627678,4.69665798942641,5,4,4.83448972161024,4.42687759539455,4,4.37305413829124,4.62237986861169,3,4.68720960488074,5,5,4.52458344538432,4,4.92267209587518,4.57807710088813,3.70033210903209,5,3.3104203920014,4.56384662836807,4.78185446681166,4.0528645424151,5,4,4.43542773749133,4.7628157552581,4.47807395856764,3.89553548694481,4.35098070340259,5,5,4.58996254091135,4.15476769062745,4.70940299247111,4.57675490913193,5,4.02607388227946,5,4,4.28181433067748,4.90389253655882,4.28155160849148,3.57506412666131,4.46529663272726,5,4.74417198221189,5,5,4.64586627002353,4.83427081457195,4,4,5,4.91233005412947,5,4.25845383585854,5.00803851887997,4.62078085841024,4.86623084538116,4.88695744692984,3.82444008455197,4.51827626142141,4,3.99849520995652,5,3,1.98062068239452,5,4.33333333333333,4.38409641356753,4,4.88991908519207,5,5,4.46736359467296,4.04985714671765,4.99619823419879,3,1,4.64404456995286,4.72603147720162,3.76937009783262
15,4.68002844674148,5,4,4.36707100238619,4.70649515994946,4.5,4.38500368630536,4,4.03447084131437,3.75881511946455,4.30879504871791,4.3703446289637,4.08913689009186,5,4.60874686244847,5,4.88848862869524,4.24472526100259,4.82400593468457,4.25495819509801,4.84462440869484,3.82237688079241,4.5,4.48069154173623,4.42113370540853,4.73480337000268,4,3.74613385686156,4,4.09546385422005,4.66763876398293,5,4.22943628015553,4,4.37802127996527,4.22403096010085,4.31783075810329,4.20375182024462,4.70651978828895,5,4.55141220214341,5,4.54116118819033,4.60588996293171,4.80438775939124,3.63649935349189,5,4.31753741838433,5,4.28724668731114,4.53528612689396,4.4188534882019,5,4.59029989270598,1,4,4.5957288118301,4.83462310816688,4.49911696646854,3.6868619877032,4.66666666666667,3.11071226991401,5,3,3.94451859146582,3.5,5,5,5,5,3,4.25963734650713,4,4.70830292472457,4.56830958162415,3.99835205795793,4.62845311559472,4.46653888298833,3.96037735707535,3.94027947932824,5,5,4.20023852640776,4.78952169608113,4.15373129661398,3.62495416603792,5,4.34398203140572,5,4,5,4.59804210730927,4,5,5,4.92875128062813,4.83205597630934,5,5,5,4,4.78776147567086,4,3.73853988915309,5,4.21992764693313,3.7047063710157,4.08240046692791,4.43754714887108,2.28525136105267,5,4.24069619354745,4.39032120019084,3.85371492459589,4.80213682339234,3.8787135054449,5,5,3.79119241903476,4.91355971552171,4.75892464095064,3.48436856306437,4.58032796151375,4.51896452460609,3.81852874651038
16,5,5,4.43623593554466,4.43359265563981,4,4,4.45996438326908,4.48941517802459,4.0913441215057,3.83046190596896,4,4.4351782024988,4.17353128625718,4.84780541648522,4.67998857960512,4.67974868254252,4.96584659862064,4.30965361539571,4.90512648819326,4.34469070307258,4.92507375470836,3.90925415911134,4.31956510196387,4.54457927071275,4.49961597638118,5,4.66547024304994,3.80707981224791,5,4.17922643086335,5,3.91995023089147,4.31227810098008,4.8283145157223,4.4528210382117,4.29333823924077,4.3861757806911,4.28435227300775,4.79158502523151,4.29987084055549,4.62667718607669,5,4.61472283608367,4,5,3.67641065859134,4.77985494014502,4.38402251558508,4.70595678958632,4.35669155379961,5,4.491762862582,5,4.6626417164069,3.42339833759615,5,4.67162060169299,4.91424583101395,4.57366241843095,5,4.69707073497276,3.14041370690403,4.57225069994214,4.7660639609317,4.00398755572991,4,4.7161567205705,4.40399687678399,5,4.55483910816521,3.96050086789295,4.32771868199501,4.75493489483879,4.78790384888419,4.65280892981393,4.05162071743944,4.70518368487212,5,4.026287029439,3.5,4.92952167203706,5,3,4.86431659031814,4.21428839840379,3.70209865052645,4.50469566635138,4,4.69573347240429,4.46319885903897,4.5,5,4.84171153618428,4.74453973820697,4.42942548111458,5,4.91279950297081,5,4.5,5,4.58371362075152,4.86792570387032,4.88527044474296,3.79743003467629,4.53326576478611,4,3.73165946173573,4.16313416729345,3,2.37499819880508,5,4.30836888775031,4.4755969401169,3.92041998440951,5,3.94058989368792,4.90033402954954,4.5,3.82509307938093,5,5,3.52688058444378,4.65872763309304,4.57461125867811,3.89928176204507
17,4.82694391810675,5,4.5,4.49171495590865,5,4,5,4.56320383452953,4.13548611082667,3.91049329053727,4.44010958561438,4.48972040062417,4,5,4.7434931668231,4.76007966650678,5.03694221144274,4.366711255954,4.98525698724537,4.45327698453252,5,4.0198688168741,4.39131662205334,4.59511332578562,4,4.86165523957672,4.5,1,5,4.27830806875,5,4.01311133915507,4.66666666666667,4.90957423287488,4.52800140588728,3,4.44900840304529,4,4.88210806895179,4.32564134998266,5,5,4.68431158593815,5,4.96279817309819,3.69252941969194,4.841997590998,4.44298254672005,5,4.42238169688015,4.67994712860834,4.56224831864063,5,4.72878042854549,4,4.61617321009978,4.74506093657023,4.99105740640829,4.64607819518727,3.83107943369513,5,3.14494594215205,4.64811305238483,5,4.05520135113266,4.61082418654766,4,4.46637026069334,4.83802514961053,4.64892262705103,4.04182532428813,4.39107524349286,5,5,4.74470221419118,4,4.77976910063155,4.59765854179157,4.09063729397206,4.06125980621402,5.01171095982625,5,4.33378721356304,4.93189416203599,4.26391078099474,3.79606279852459,4,4.47647099180027,5,4.54451092409557,4.62388266888146,4.76349704400663,4.92164998909653,4.81790716770389,4.49393008832633,5.08566992200309,5,5,4.35887344309377,5.10091105572318,4.64745400484784,4.94673098600493,4.96343960651956,3.85123751772059,4.61028297229987,4.66666666666667,3.71950143546483,5,4.58918091770395,2.51995770709385,4.5,4.37122290513575,4.57239311564293,3.98839670124675,5,3.99803742403014,5,4.55933465107128,4,5.07572770161075,4.91103195401326,3.55122890928179,4.73768114456951,5,3.99719813932448
18,4.91257391901705,4.77039548079046,4.57720295490789,4.56339199234022,5,4.18680204238043,4.62397323432146,4.6503641888374,4.19236132878505,4.00152932577582,4.51633832477356,4.55790746425948,4.38623765273949,5.02666003966968,5,4.85426840032138,5.12307781005003,5,5.08000900289878,4.57392343433999,5.09650575501227,4.14102915764038,5,4.65975561014578,5,5,4.83395895336212,3.93443618315525,3,4.38911773478898,5,5,4.51393800338061,5.00517003835695,4.61639727036328,5,4,4.47761875292074,4.98662411620545,4.36528245842446,4.78643321901762,5.00465303941861,4.76779350861047,4.83682522590763,5.05572078928643,3.72064770287966,4.91876589032234,4.51531053318158,5,4.50118835805748,4,4.6461916105258,4.83582304157045,4.33333333333333,5,4.70663952393855,5,5,4.73218190900068,4,4,4,4.73757696033317,4.92526662845491,4.11868669352596,4.5,4,5,4.92858633735064,5,4.13456174692071,4.46750601692979,4.94745833012946,5,4.85008868520719,4.1389677299793,4.86843400082112,5,4.16702308628647,4.13156160625042,5,4,4.41175869595935,5.01425311052859,4.32655064386159,3.90026932284884,4.68422406789262,4.25,4.8349996383544,4.63892821547896,4.7074753594292,4,5.01600094055532,4.5,5,5.17730171380765,5.08586070333745,5,4.44714895836421,5.19917142672139,5,5.0400638872649,5.05620986596283,3.91655948363471,5,4.46488207537006,3.72019869134901,4.36096659861962,4,2.66948248249821,5,5,4.68196955223283,4.06796652363301,5,4.06739535609196,5.09610930902808,4.64899587211927,3.83942196107619,5,5,3.58687826921611,4.83045423549671,4.65453457758096,4.10592735559076
19,5,5,4,1,5,4,4.60328206815764,4.62497353356892,4.11893226342048,4,4.47207109829364,4.49287061744312,4.43211088935283,5,5,4.83523241274654,5.0720858352552,5,5.05119880622002,4.63027218205344,5,4.21983396512386,4,4.58146164122676,5,5,5,3.90284855587287,4.56158120551298,4.43163343034514,5,4.15763841875071,5,4.98200024678868,5,4.40637968496735,4,4.49707869453953,4.98513936802679,4.24322496286898,4.75353249191526,4.96458071026271,4.7280692844115,5,5,4,4.85599218367737,4.46200935773963,5,4.46366883680954,5,4.61351368485709,5,4.75983619140649,3.08480349520547,4.68618442515246,5,5.04618756040765,4.70031241897499,3,5,3.03969908232168,5,4.88546437234284,4.06427001170838,3,4.83379294108913,4.49539904592655,4.89745247043027,4.77219159840109,4.14748799169328,4.42610744108557,4.94485731134267,5,4.85733625836304,4.05227572761524,4.8358379461815,4.62019222211846,4.14027635058549,4.09238742170254,5.08321554650912,5,4.3766859901612,5,4.25995681810721,3.95141417810743,4.67860662314554,4,4.77641448947224,4.63099978342918,4.67097130152919,4.85125900796861,4.98940011981439,5,4.52871069079591,5.13644685343744,5.05469817788496,4.82638167184303,4,5.17267978437531,5,5.00991041807821,5,3.87634648192721,4.68056314010007,4.45811760985475,5,4.39092730266156,5,2.88661200122169,5,4.40540711646476,5,4.0534996713409,5.01180919467476,4.0291741858042,5.09052634258041,4.5,3.68253486969885,5.13849421876138,5,3.49375154862093,4.8092908756438,5,4.15750527872834
20,4.61566182512888,5,5,4,5,4.5,5,4.40747814358585,5,5,4.22776380108834,4.211962683834,4.34476133959587,4.77916060016911,4.49058411852242,4.62079934820035,4.79364541054622,4.12421732558137,4.81179772235888,4.55354616030429,4.8150436809755,4.19725122100627,4.24657643844694,4.27436304245583,4.48032746073131,4,5,4,4.26723103755482,5,5,4.07110824513193,4,4.75492563242542,4.38700086479238,4,4.23435577275865,4.36173649652679,5,3.87335508265733,5,4.70901010443632,4.48198200719154,4.54942891335571,4,3.26588968630289,4.565349023242,4.2024999481689,5,4.23131425704828,4,4.38388102789723,4.55738133279242,4.49618067726211,2.53605779646922,5,4.56044617016145,4.79386412716606,4.46881397689543,3.79323138799192,4.59868937360137,2.7181524863642,4.49432202961171,4.63333101736864,3,4.37855221321001,4.58385454923574,4.24602176463513,4.65981842989342,4,5,3,4.75465078232674,4,4.68740183191014,3.75056918013056,4.59799634717986,4.35495143073119,3.93864669164037,3.87112392310833,5,5,4.15181814051432,4.67963480942424,3.98511157038098,3.89121028686001,4.49319788621074,2,4.49598375530803,4.44339353617834,4,4.65125140547464,4.75613040006383,4.62217980569442,4.28426573985151,5,4.8111088197782,5,4,5,4.41015891455082,4.76974344121088,4.77963145839452,3.66140557769359,4,3,3.09392035715595,4,5,3.15265872078029,5,4.5,4.57400210273904,4,5,3.81192844888786,4.88970603291336,4,3.27365621919419,4.88967172867035,5,3.20192489781083,4.59216325110058,4.16136527021495,4.09030781321148
21,5,4.5,3,5,4.87357292705858,2.5,4,5,3.95507216300956,4.04005008761527,5,4,4.51789740924464,5,4.63746142398118,4.78383531144098,4.95305988397906,4.25810631605037,5,4.73757532782302,4.98067894109764,4.37523868676771,5,4.40629642984722,5,5,4,3.82731541643004,4.40106863812014,4.51037437899599,4.5,4.23252649152553,5,4.921579849195,4.54092521520228,4.32673194638732,4.37519623746313,5,4.97022342597968,3.97701084513755,3,4.66666666666667,4.63350601848413,4.70353579335315,4.94504720216331,3.34883391021371,4.71275059737034,4.33958097679928,5,5,4.63797559217929,4,4.71281137948182,5,1,4.63216173377219,4.71671398267719,4.95782236942525,5,3.93459264246883,4.75746901775188,3,5,4.79036478212787,3.94044188812817,4,5,4.38674810631486,4.82051744656715,5,4.16480010411906,4.32874484081582,4.92769392313565,5,4.86104994650751,4.5,4.75597997006599,4.49764462958827,4.07434113149666,5,5.01800161496231,4.35938239503954,4.29271690695469,4.83380688976062,4.11010849883211,3.5,4.65574266918753,4.40488408322055,4.64215207622252,4.6033982872788,4.58330156980456,4.81811162581478,4.92176127083379,4.77971562864336,4.4275058932617,5.03854401632291,4.97733080661344,5,5,5.10483625354268,5,5,4.9443620790994,4,4.62713122328361,5,3.15071632951728,4,5,3.33548399814732,5,4.30748029828456,5,4.0135424846008,5,3.93941976318724,5.06675973872482,4.57761432541752,3.34454864421924,5.05839007085448,4.5,3.2900304295803,5,4.27666604129312,4
22,4.72463309333989,4,4.37872271629505,4.31771387553977,4.84039427627242,4.21593738942868,4.51957785756873,4.5275936663409,3.88555194432568,4.04082486566817,4,4.28176125756675,4.54140198914432,4.91567720579469,5,4.7550961980687,5,4.20284683345867,4.94172895219633,5,4.5,5,4.36415636691806,5,4.62229814165285,4.62071259321134,4.7116161835386,3.79134773244813,5,4.53123723637099,4.70448072957614,4.25248033390425,4.59691613022327,5,4.51144365943224,4.28823570099536,4.32705875581921,4.52980308596099,4.95487436430905,3.86885642240575,4.66666666666667,4.8230600253613,4.58878580139416,4,5,3.2462956369293,4.64952178319892,4.28492969423644,4.77784658224206,4.33212599610154,4.59524412397588,4.5,5,4.59298485459949,2.34433198459512,4.60272945361117,4,4.91480447026334,5,5,5,2.67682511478095,4.61854990042793,4.74513542653199,3.88604384268038,4,5,4.33719914074666,4.78207780956857,5,4.16317818464699,4.2835654941451,4.91158070768848,4.83280909537217,4.85293856816193,2,4.71656455115808,4,4.04150886775441,3.95800419614392,5,4.33210004277029,4.25265791063822,4.77684072651676,5,4,4.63801225294707,4.35704352934666,4.58244688428693,4.58398406300592,5,4.79618626810449,5,4.7368362806611,4.38068465016369,4.99177212193685,5,5,5,5.06926812372924,4.50192005445895,4.89677908663881,4.90467869013239,3.74009115271918,4.5,4,2.99810679119435,4.45450984774364,5,3.49819894511903,4.70261942481477,4.26212982860505,4.75560457369633,3.66666666666667,4.5,3.89787077209479,5.04788475607877,3,4,5.01829011261512,4.82412673672356,3.20678240398854,4.5,4.17049752105013,4.28469107273117
23,4.81772514225171,4.74353188962027,5,3,4.94861249089409,4.33395391839577,5,4.6269822514758,3.93508093842106,4.5,4.40198798977984,4.3473392037299,5,5.02754604863165,5,4.86476381813473,4.98973037875377,4.27378027254349,5.04944868221255,4.93099554546932,5,4.59418284841607,5,4.38931521532969,4,4.68878827488747,4.81600625912803,3.86742266680927,3,4.67775255985827,5,4.39030822181813,4.73468931231722,4.99943749263211,4.61356323103062,5,4.40771172580228,5,5.0818595909049,3.88427354597594,4.73073995141285,5,4.67982776947099,4.5,5,3.24896836610368,4.72616862205086,5,5,4.41806392911889,4,4.58866612137273,4.76651373320345,4.67755898836467,2.23105119034276,4.70747765325562,4.77401945551595,5.01656332324015,4.68019667375261,4.0376313876024,4.82109949107045,2.66269838252029,4.72103764327416,5,3.94875370841082,5,4.78797121807958,4,4.88406341382861,4.92869355174225,4.27969043246331,4.36556215229133,5.03667426427991,4.93952034008002,4.98333828423311,3.81860716509237,4.81584483669855,4.52058594744283,4.12739978602706,4.03313032434236,5.09479998191194,4,4.33823740346107,4.86254686486384,2,4.21921732963278,4.75394871950379,4.43880437182549,5,4.69692405087993,4.63332360532046,5,4.99445493227253,4.83367471754209,5,5.0924425096594,5.04442635164691,4.87056077027609,4.33333333333333,5,4.5827906862402,5,5,5,5,5,2.95015216993596,4.59034714097867,5,5,5,5,4.89596641275949,4,5,4,5.17443452261196,5,3.18485741345663,5,4.92204208215388,3.22513199557254,4.8305191413441,4.19618793881121,4.43111324477358
24,4.77425219455078,4.70929118889333,4.5,5,4.91495705741769,3.5,4.5,4.59394603836103,3.87642834043365,4.14886574977003,5,4.29202386799847,4.69923066848315,4.9950340655445,4,4.8345450863313,4.94018582268522,4.22504562580106,5,4.94495693163219,5,4.62269719045297,4.43027120126871,4.32602098348972,5,4.6268120967213,5,3.83369950304359,5,5,4.5,4.39696219675239,4,4.66666666666667,4.58325894089838,4,4.36399519421785,4.65358544818562,5.06113941755836,3.79715324555687,4.69287142606778,5,5,4.33333333333333,4.97196819922657,3.16717171372082,5,4.31027606457604,5,4.37869367409587,4.66666666666667,4.5514837415298,4,4,2.07437304159444,4.67703657627978,4.73551196681244,4.97550862326624,4.64313342932495,4.02691010621724,5,2.58141512934166,4.68827181598958,4.7977985516978,3.90125538015742,4.50475984472674,4.74589771236078,5,4.84663770371785,4.5,4.27059794737594,4.32411024479496,5.01547250852427,4.90478459599461,4.96815048197153,3.75259099777743,4.77782357458,4.47158384885728,4.09551506871885,3.99428784294304,5.05996700396202,4.40271260734852,4.30062125517021,4.81146458926722,4.04868241162288,4.23289058964195,4.73207286036093,4.39525000527029,5,4.67390856572033,4.5,4.88768020499274,4.95927033550321,5,4.42115537105951,5.04847261304222,5.0063575219569,5,4.45334115356615,5.14603661905249,4,4.96509722219053,4.97047837570245,3.77028870919997,4.6724859365358,5,2.83189007525075,5,4.64197656043722,3.85235948367544,5,4.30183282702202,4.89173906139696,4.05923011194427,5,3.93406099395569,5.15093696932754,4.62345503144967,3.07993657441695,5.08642242851116,4.88007916179855,3.15764015968369,4.79918006620459,4.1099604790357,4.44421433063703
25,3,5,4,4.05512717915013,4.67491249382823,4,4.37156872792804,4.36421766450692,1,4.0186277400985,4,2,4.60862652566406,4.75682370327901,5,4.60822865247859,5,3.95144553725734,4.7598552696992,5,4.74282889248074,5,5,4.00039437711376,4.5141988533811,4.5,4.33333333333333,5,4.02323886815694,4.58776769220954,4.48009722117179,4.30705794736129,4.60344640280367,4.72650838598597,4.36308135730343,4.1045634003771,4.10388098877799,4.51167381821902,5,3.40414716753304,4.44420187817723,4.60683082122327,4.37788203678886,4.44796816310081,5,2.80836292263509,4.36286462385107,4,4.62759902343401,4.13296293564049,4,4.30876181866289,4.5,4.5,1.48923411923987,4.45399508639819,4.48358156080974,4.70878758434798,4.39847113340735,5,4.53787440599173,2.2393369398399,4.45704823076852,4.53117736157032,3.64013819707809,5,4.48159172248711,4,4.59553765583638,5,4.13045336875476,4.07270698220234,5,4.6613316725719,5,3.43239271627368,4.5264617645451,4.19076760126217,5,3.76018476716313,4.81221339212272,5,4.0628448543948,4.51488808212437,3.75735792382632,4.17102109483605,4.53670987909461,5,3,4.47616371244269,5,4.67680849689028,5,4.53250019228539,4.1625305350822,4.76998498963891,4.74898691568501,4,4.25435811343747,4.89261973407732,4.25549777250906,4.71135951581286,4.71230441908405,3.54281128578662,4.45017442731257,4,2.35782661476924,4.47174524874011,4.5,4.5,3,4.05070894245505,4.75222352008716,3.87225539544802,4.67535160344222,3.70421597231926,4.93934982712121,5,2.64483224027233,5,5,2.84765303864398,4.56996390107896,4,4.3749948652881
26,4.60674598496264,4.57434514791192,4.24871391779304,4,4.78140909660055,4,4.47119231437452,4.46358726486353,4,4.11083860642952,4.19317383445564,5,5,4.86523903436213,4,4.71329616292862,4,4.04084371545813,4.86821279500664,4.97818438218374,5,4.70794784090421,4,4,4.61732054943535,4.39493038298229,4,3.70334701579034,4.11396935006343,5,5,4.40632100768548,4,5,4.46250797868602,3.5,5,4.61523565277057,4.97245829290356,3.47978931176347,4.54526399355193,5,4.47730243943817,5,5,2.87046432334098,4.46152054095774,4.5,5,4.2268209757045,5,4.40672975480203,5,4.44988610033561,1.51871683185726,4.55550852177131,4.58552994326061,4.81583807746124,3,3,5,2.28836660909043,4.55856112528717,4.63410303409898,3.72241406890681,4.32538515582289,4.58338579531415,5,4.70009390914777,4.86906261876679,5,4.16511579829023,4.925248689077,5,4.89915248866706,3.50932687423362,4.62941117367136,4.28566194556362,3,3.84548513059171,4.92183201519742,4.5,4.15514360040997,4.61717374387033,3.8420928532974,4.26736902115075,5,4.22866174275932,4.40809567634238,4.5784130407145,5,4.5,5,5,4.25696278186573,5,5,5,3,5.00405664639146,4.35190955773049,4.81858314799357,4.81951125431507,3.62312016740035,4.55160548854388,4.41290226057504,2.40845591661457,4.57458547736946,5,4.23751718827689,4.66666666666667,4.14260920803707,4.86139399040976,3.96057065505553,5,2,5.05223756801653,4,2.70246863862686,4.93325517789061,4,4,4.67411723676105,3.79473234250186,4.47601668651461
27,5,2,4.19087244268232,5,4.74651495153265,5,4.44090430648556,4.42792012092098,3.56898963433054,4.12258928780267,3,5,4.76059225908697,4.83304658098903,2,5,4.68542225681202,3.97256775716618,5,5,4.80516241220252,4.79143400824775,4.27562575022447,3.9946752880128,5,4.30352413983758,5,3.66168659521737,4.5,4.73537524347628,4.52547165580604,4.5,4.73382674681526,5,4.4320560428665,4,4.13921458385074,4.63078954013199,4.96346500960866,3.33468825540499,5,5,4.4251746688604,4,4.77812848824617,2.73178784077925,4.38297828938745,4.059643646587,4,4.17758922548498,4.44294180647184,4.36278751570724,4.52396022005701,4,1.22858866381305,4.52536766297432,4.54015560226335,4.76701277900506,5,3.98054086234753,4.59977954070719,2.14708791184467,5,5,3.65454090364144,5,4.53118209785193,2,4.65749258534646,4.88036079578628,4.23380695580712,4.11152526351265,4.91504426559515,4.73043823444215,4.900282602107,3.40474652234999,4.58523635954934,5,3.93427406539021,3.79491458052794,5,4,4.10882342154355,4.54795850957162,3.7600771112851,5,4.62713983213095,4.17144372991137,4.33443600359408,4,4,4.76475072305318,4.78264474205332,5,4,4.8243416642556,4.81418854422629,5,4,4.96633427673638,4.2868380120015,4.77693261356375,5,3.57168411687412,4.52178594362577,4.39867355652862,2.19723441802399,4.60224327538252,5,5,4,5,5,4,4.73289093890033,5,5.03842668568706,4.47584553993697,2.51855789850142,5,4.66636227409083,2.8000096668655,4.64299011056101,3.65327674619602,4.52861382130763
28,5,4.72497083801459,4.3681902733365,4.25007161885288,5,5,4.62384196677578,4.61119746943747,3.72644580208219,4.28603751678515,4.31123215378514,4,5,5.0320148956996,4.5305973208067,4.87701341655795,4.88379041154403,4.14279993210353,5.02807538448115,5,5.00514881485687,4.97023076914383,4.45228163384625,4.17019648684766,5,4.49072830629077,5,3.81519438761058,4.2016279628492,4.9185781484507,5,4.61809686026594,4.9197363795461,5,4.61466508244307,4.32748925526361,4.31444187948709,4.81400974637168,5.16395277828002,1,5,5,4.61097479033949,5,4.9767243552652,3,4.57131120436191,5,4.89665216635641,4.35299723717191,4.6289949985703,4.54477645808015,4.71306650043763,4.57290887803933,1.32426455597695,4.71166901155821,4.72948658201139,5,4.5,4,4,2.25578983964512,4.71094954775093,4.77378242764581,5,5,4.72124556816286,5,4.85108557383169,5,4.40221422213287,4.28498110595929,5.1137839440596,4.9260677903428,5,3.55801430392734,4.77618334392804,4.39831266787279,3,3.95519037346844,5.08727935629433,4.43699117025821,4.28100802052471,4.74141575397836,3.92398547237948,4.484628435154,4.81482030602344,4.5,5,5,3,4.95884656797305,5,4.77819583359461,4.37866157816819,5,5.01410755944537,4,4.50739875269065,5.17153232221317,4.46916078756667,4.97516341390595,4.97400424413688,3.72314615952242,4.70789226082729,5,2.31913470102132,4,4.67195501201338,5,4.75966900821726,4,5.07557925397794,4.09968545411169,5,3.89669946724129,5.24269120814639,5,2.64897583226082,5.09204646222584,4.86168096158516,5,5,3.82240949523724,4.70181142676585
29,5,5,5,5,4.78920850857369,4.36897137750421,4.48335225591663,4.4644429348136,3.53388049469104,4.20429288380059,4.14532560003099,3.9857082968226,4.88903367981958,4.88005978698866,5,4.73272917075191,5,3,4.86648194713612,5.18091431172207,4.83753684576836,4.96047928947545,4.31300042154345,4,5,4,5,3.6789822986854,3,4.85934058304523,5,4.56311083336084,5,4.84544980740897,4,5,4.14748797247838,4,5.03728201962667,3.23674534360784,3,4.5,4.44418723043011,4.51776307396231,4.81208126887455,2.6305358061969,4.5,4.0565404213774,4.75061129407836,5,4.4653002934306,4.38943688065673,4,5,0.941406361619285,4.56939024633773,4.56826435356333,4.79527012321551,4.48440149778953,4,4.63315870410081,2.03325531720893,4.56330048560389,5,3.64390580213213,4,4.5,3,4.69051401780369,5,4,4,4.98676309981022,4.77058001820835,4.98377906631272,4,4.61537487216465,3,3.96162271194531,3.80499443910374,4.92910934373213,3,4.12868469407264,4.55090395972478,5,4.44792474958006,5,4.18079445752668,4.32908007257597,4.62246292914169,4.41435837570528,5,4.82309752683532,4.61135288805267,4.21274094123461,4.84805827167252,4.84956256877724,4.75907695559517,4.38073123204614,5,4.28979439956131,4.81296872720127,4.80889716743002,3.57709668157759,4.56608927674129,4.45745061927908,2.01003716120004,4.70887927620268,4.52890716485022,4.81323340556368,4.59864541699546,5,4.98843256746412,3.98054413313464,5,2,5,5,2.36573283744312,4.92393010576153,5,2.72917819305379,4.68794170098823,3.56455205102405,4.66047301370534
30,5,5,5,3,4.76474714220681,4.38063864832408,4.46244225794559,4.43901403077418,3.46242280363131,4.21827707890788,4.10179946683196,3,4.93209966855288,5,4.28890821597214,4.71335685945673,4.64454757563599,4,4.83767258266691,5.23399783150568,5,5.035224974495,4,3.88388863224562,4.65366031347875,4.20657654823509,4.62877138900388,3.6477634057975,4,5,4.49909018802717,4.60095337101179,5,4.82207381797421,5,4,4.1032936174502,4.74274359983709,5.03473458271143,3.11855035218751,5,4.64114933888488,4.40496723272775,4.47888776034362,4.78033143602755,2.51711677700404,4.31186873274758,4.00433912072069,4.5,4.15847347456556,4.42850424174338,4.3570108707649,4,4.34541831373659,0.699613007584389,4.54868835268753,4.53481690306034,4.75915983862354,4.45273249598439,4.05896150829265,4.60314166709612,1.91706919297819,4.53889077034486,4,3.5907224793507,4.21745105564056,4.51271732499473,4.10193541663396,4.65950726650413,4.988676980624,4.32555245897493,4,4.98315250555989,4.74430099061399,4.98964808202067,3.26678901387183,4.33333333333333,4.16572545895352,3.93500026481357,4,5,4,4.09401168085164,4.49749388987044,3.67128573606918,4.4961624370653,4,5,4.5,4.61380575865541,4,5,4.7964242469345,4,4.17031021483008,4.80766040316088,4.81849292141833,4.74360569078982,4.36742577426732,4.98310929322345,4.23959301612244,5,4.77678342001877,3.53759876951024,4.66666666666667,4,1.83531343131518,4.73666997236136,4.50702508965393,5.02114479071128,4.56582933484714,5,5.01163865824535,3,4.72457980375448,3.71162804948801,5,5,2.21420888871815,4.89167985573636,5,2.63894081957895,5,3.44973072405676,5
31,4.5,5,4.25053313995625,4.10079609055517,5,5,4,5,3.53505156472192,2,4.19548299050776,4.5,5.06247651121078,4.97437295495604,5,4.82670285264759,4.7504720888238,4.0008622089988,4.9523492791861,5.37372691308956,5,5,4.39230129387439,3.96608690895977,5,4.29752285400544,4.73894912251214,3.73246871602772,4.01558932893414,5.02814241499771,4.60279753758886,4.72214320825025,5,5,4.55970155491824,4,4.19689003167654,4.86370458260327,5,3.17396145234394,5,4,5,4.5,4.89303895033104,2.55849288286622,4,4.09399230729151,5,4.25476802480581,4.5,4.45908944620626,4.61864093312912,4,0.672036882748073,4.65770156123105,5,4.87053170813916,5,4.16103485826444,4.71177483344782,1.94304289786487,5,4.66954919793971,3.66993065936193,4.5,4.61740461405927,4.19518725737918,5,5,4.43501055848508,5,5.10612171617244,5,5.11454014127435,3.33219906296128,5,4.2593979995885,4.02768659301445,3.85273360704685,5.02055769245506,4,4.18914723311108,4.59915841981174,3.75031096028557,4,4.79937579594519,4.23157449341824,4.36706390886359,4.72667301821317,4.48016433132837,4.93115510525269,4.91047447263214,5,4.26589717219351,4.91943885038482,4.93227368996654,5,5,5.10180330945468,4.33545490126156,4.89595749564662,5,3.61803214818637,4.65464018050442,4,1.84838006218732,4.85935913570267,4.5,5.18436571854689,4.5,4.15225815510472,5.14029824722919,4.06138106442147,4.83509954394538,3.79672854448632,5.227260450451,5,2.240987966129,5.00705711015907,4.76060938239927,1,4.77833733173094,3.51398591228598,5
32,4,4.7820910850633,4.25,5,5,4.61084013903285,5,4.6685653613793,5,4.44022089854061,4.31191375763345,5,5.19426735854653,5.10973440019008,4.50770544866134,4.95785637329045,4.88238075656586,4.11295636791855,5.0877299807161,5.51294971412203,5,5.3059461451087,4.51212991110683,4.07934532513423,4.89611924936196,4.41930290813747,4.86827405538887,3.83536718081038,4.1295659399806,5.15930639360967,4,4,5.12161598415471,5,4.68385079199666,5,4.31341933877355,5,5.2977161408382,5,4.7285163796032,5,4.63136208991333,5,5.02709734932022,2.63740218308376,4.53118356998868,4.20849200484583,5,4.37219794970494,4.65637162021532,5,5,5,0.712060187084573,4,4.7685769226525,5.0043836374245,4.68237831070954,3,5,2.00570558259991,4,4.79830644282006,3.77315184558147,5,4.74475006225302,5,4.90003017600214,5,4.552855460249,4.29236317936024,5.24333104435387,5,5.25111231489565,3.42918812186668,4.81936034052252,4.37832436372985,4.13808064893098,3.95952318716536,5.15746410029804,4,4.30460235050177,4.72731021479474,3.85675553769481,4.73605375145465,5,5,4.48935228522344,4.85416973559871,5,5.06434722346656,5,4.5,4,5,5.06732195135355,4.99007606337971,5,5.24099023300446,4.45624549727994,5.02994308638466,5.02332750979516,3.71861644362168,4.78127803453198,5,1.91383316362876,4.98709532869413,4,5.30441993615215,5,1,5.27598291209456,4.17160299885545,5,3.90193217342788,5.36798085197876,4.73383865649125,2.31485414502675,5.14421756150087,4.8917023076913,2.76790923246927,5,3.61863691686692,4.96014071401062
33,5,5,4,4,5.04462327632911,4,4.72648188816064,4.69722123466143,3.61423605948933,5,5,4.11097912162375,5,5.14601607847013,5,4.99484936997292,4.89212311456406,4.11172450387756,5.11801533122517,5.61823890895267,5.07808192863719,5.42761822583817,4,4.05794815034572,4.94175245989687,4.40501499285834,4.89934994818332,4,5,5,5,4.93024820157984,5.19881909553842,5.1066425459046,4.71643124293309,4.37678719147218,4.32209978575615,5,5.35285085764041,3.20357450189543,5,5,4,4.72671746861512,5.05419871704941,2.56843510937586,4.52743858679747,3,5,4.38766252991929,4.67512329879272,4.60327566832843,4.76637259049163,4.57565132217339,0.511897230518538,4.81841920088298,5,5,4.70581908441382,5,4.86739169321053,1.92752429086223,4.80443616657539,5,3.76825850012678,4,5,4.31904824670098,4.92639541596193,5.32010768371551,4.61199237174456,4.303767970114,5,5,5.3129783084394,3.39392334648596,4.84365717084004,5,4.15997025319622,3.96922778836366,5.19136371375761,4.53936406417726,4.32137281718879,4.73254654978725,3.84267353682799,4.82877050222829,4.97640789743873,4.3584491778276,4.48862881349871,4.89925250070633,4.62231838878167,5.10968474053778,5.07619256683442,4.83103889977446,4.39507744842377,5.07496065182843,5,5,5,5.27482505023845,4.46130721934345,5.05850190119204,5.05007523082538,3.72489823336172,4.81544560053523,4.72607568301146,1.7843334176301,5.06495038919761,4.77296957206321,5.54055704340306,5,4.2781999286697,5.35302257342765,4.20401241749088,4.99073910312941,5,5.42047133401883,4.7680649016135,2.20963838214514,5.17215604113581,5,2.720283423158,4.33333333333333,3,5
34,4.5,4.77369233065312,4,5,5.00837742580382,5,4.69410784136872,4.66137756243687,3,5,4.27228259037947,4.04705988092472,5.30375044581255,5.11128531208347,4.45138538997756,4.66666666666667,4.8361303585897,4.05591880910037,5,5.64129218715669,5,5.46841440892412,4.50796011571554,3.9841372701558,4,4.33318988599424,5,3.8124582901868,4.04574323079962,5.26322045680528,4,4.9435774675343,5.20137502289159,5,4.68397549915318,4.33630213881928,4.27269923207084,5.0586684461751,5.33287226224333,3.09950216982739,4.70985006186861,4.85089270970454,4.60119308020549,5,5.01216621537075,2.47026547344619,4.46377329455325,4.15381034366655,4.97925530726361,3.5,5,5,4.72219663819786,4.52212070750655,0.31927432349953,5,4.74893070383991,5,4.66501976777668,4,4.82735433083512,1.82932120426666,4.76903730502746,4.76919577147851,3.71361984380093,4.38561604807438,5,5,4.88537858698543,5.31359303742061,4.60557826696587,4.25714021835667,5.27633288527128,5,5.299778645267,3.31606641468644,4.80182011074884,4.32503788991922,4.12498756391913,3.92546914294987,5.15381873998453,4.50914354341301,5,5,3.7785154705185,4.85064773703926,4.95461315489133,4,4,5,4.57828980558224,5.08384379367056,5,4.78599117887945,4,5.02603052106844,5.05380941424251,5,4.5,5.23611037179413,4.40669663578998,5.01776518657407,5,3,4.7831469088001,5,1.64039338670715,5.06989121993317,5,4,4.78290991271009,4.23144009241767,5.35337675196254,5,4.5,3.86898083565104,5.39713905078207,5,2.08258785298388,5.12933250799609,5,2.63990685888898,5,3.45647990370386,5.07700768493721
